<?xml version="1.0" encoding="UTF-8"?>
<project-private xmlns="http://www.netbeans.org/ns/project-private/1">
    <editor-bookmarks xmlns="http://www.netbeans.org/ns/editor-bookmarks/2" lastBookmarkId="0"/>
    <open-files xmlns="http://www.netbeans.org/ns/projectui-open-files/2">
        <group>
            <file>file:/home/godefroy/Documents/upc/dist/phone/WhatsAppServer/src/java/entity/service/ApplicationConfig.java</file>
            <file>file:/home/godefroy/Documents/upc/dist/phone/WhatsAppServer/src/java/entity/Message.java</file>
            <file>file:/home/godefroy/Documents/upc/dist/phone/WhatsAppServer/src/java/entity/service/UserFacadeREST.java</file>
            <file>file:/home/godefroy/Documents/upc/dist/phone/WhatsAppServer/web/WEB-INF/glassfish-resources.xml</file>
            <file>file:/home/godefroy/Documents/upc/dist/phone/WhatsAppServer/src/conf/persistence.xml</file>
            <file>file:/home/godefroy/Documents/upc/dist/phone/WhatsAppServer/src/java/entity/service/MessageFacadeREST.java</file>
        </group>
    </open-files>
</project-private>
